{"model_loading": "t5-small", "_timestamp": 1716040762.890429, "_runtime": 5.227023124694824, "_step": 1, "data_reading": true}