{"model_loading": "t5-small", "_timestamp": 1716040002.05869, "_runtime": 28.939516067504883, "_step": 3, "data_reading": true, "epoch": 0, "step": 0, "loss": 11.024126052856445, "validation_progress": 0, "_wandb": {"runtime": 28}}