{"model_loading": "t5-small", "_timestamp": 1716038401.762531, "_runtime": 13.095277070999146, "_step": 2, "data_reading": true, "epoch": 0, "step": 0, "loss": 10.824928283691406}