{"model_loading": "t5-small", "_timestamp": 1716052548.759775, "_runtime": 39.8198299407959, "_step": 1, "data_reading": true}