{"model_loading": "t5-small", "_timestamp": 1716038248.5094788, "_runtime": 5.034007787704468, "_step": 1, "data_reading": true}