{"model_loading": "t5-small", "_timestamp": 1716039959.403105, "_runtime": 35.372066020965576, "_step": 4, "data_reading": true, "epoch": 0, "step": 0, "loss": 11.248708724975586, "validation_progress": 0, "_wandb": {"runtime": 37}}