{"model_loading": "t5-small", "_timestamp": 1716039623.596776, "_runtime": 35.0994610786438, "_step": 3, "data_reading": true, "epoch": 0, "step": 0, "loss": 11.225263595581055, "validation_progress": 0, "_wandb": {"runtime": 297}}