{"model_loading": "t5-small", "_timestamp": 1716038085.8143492, "_runtime": 5.481381177902222, "_step": 1, "data_reading": true}