{"model_loading": "t5-small", "_timestamp": 1716035040.910273, "_runtime": 10.762287139892578, "_step": 1, "data_reading": true}