{"model_loading": "t5-small", "_timestamp": 1716049500.0035799, "_runtime": 14.56286096572876, "_step": 2, "data_reading": true, "epoch": 0, "step": 0, "loss": 10.6364107131958, "_wandb": {"runtime": 69}}