{"model_loading": "t5-small", "_timestamp": 1716050369.845481, "_runtime": 61.33615589141846, "_step": 3, "data_reading": true, "epoch": 0, "step": 0, "loss": 10.797948837280273, "avg_bleu_score": 0.00045977188532028945, "rouge-1_f": 0.06585322359972132, "rouge-2_f": 0.0, "rouge-l_f": 0.06585322359972132, "_wandb": {"runtime": 60}}