{"model_loading": "t5-small", "_timestamp": 1716040557.123903, "_runtime": 13.721986055374146, "_step": 2, "data_reading": true, "epoch": 0, "step": 0, "loss": 11.143651962280273, "_wandb": {"runtime": 20}}