{"model_loading": "t5-small", "_timestamp": 1716038317.93017, "_runtime": 13.68345594406128, "_step": 2, "data_reading": true, "epoch": 0, "step": 0, "loss": 11.586760520935059}