{"model_loading": "t5-small", "_timestamp": 1716042537.025666, "_runtime": 122.77630996704102, "_step": 4, "data_reading": true, "epoch": 0, "step": 0, "loss": 10.789728164672852, "validation_progress": 0, "_wandb": {"runtime": 122}}