{"model_loading": "t5-small", "_timestamp": 1716042983.386683, "_runtime": 13.32688593864441, "_step": 2, "data_reading": true, "epoch": 0, "step": 0, "loss": 11.846899032592773}