{"model_loading": "t5-small", "_timestamp": 1716040084.257214, "_runtime": 42.733774185180664, "_step": 3, "data_reading": true, "epoch": 0, "step": 0, "loss": 11.165471076965332, "validation_progress": 0}