{"model_loading": "t5-small", "_timestamp": 1716048552.551184, "_runtime": 12.472458839416504, "_step": 2, "data_reading": true, "epoch": 0, "step": 0, "loss": 11.477028846740723}