{"model_loading": "t5-small", "_timestamp": 1716048058.801674, "_runtime": 17.743913888931274, "_step": 2, "data_reading": true, "epoch": 0, "step": 0, "loss": 10.582716941833496}