{"model_loading": "t5-small", "_timestamp": 1716044647.7073019, "_runtime": 13.231149911880493, "_step": 2, "data_reading": true, "epoch": 0, "step": 0, "loss": 11.018760681152344, "_wandb": {"runtime": 55}}