{"model_loading": "t5-small", "_timestamp": 1716044580.679229, "_runtime": 12.987038135528564, "_step": 2, "data_reading": true, "epoch": 0, "step": 0, "loss": 11.36546802520752}