{"model_loading": "t5-small", "_timestamp": 1716050512.087614, "_runtime": 61.88170313835144, "_step": 3, "data_reading": true, "epoch": 0, "step": 0, "loss": 10.984784126281738, "avg_bleu_score": 0.00045977188532028945, "rouge-1_f": 0.06343492141628054, "rouge-2_f": 0.0, "rouge-l_f": 0.06343492141628054, "_wandb": {"runtime": 61}}