{"model_loading": "t5-small", "_timestamp": 1716041843.853672, "_runtime": 96.09101009368896, "_step": 2, "data_reading": true, "epoch": 0, "step": 0, "loss": 11.62582015991211}