{"model_loading": "t5-small", "_timestamp": 1716038443.018062, "_runtime": 12.87146520614624, "_step": 2, "data_reading": true, "epoch": 0, "step": 0, "loss": 11.181465148925781}