{"model_loading": "t5-small", "_timestamp": 1716044470.9873128, "_runtime": 4.7857139110565186, "_step": 1, "data_reading": true}