{"model_loading": "t5-small", "_timestamp": 1716047786.642396, "_runtime": 14.022876024246216, "_step": 2, "data_reading": true, "epoch": 0, "step": 0, "loss": 10.55058765411377}