{"model_loading": "t5-small", "_timestamp": 1716038630.693901, "_runtime": 31.083839178085327, "_step": 3, "data_reading": true, "epoch": 0, "step": 0, "loss": 10.840224266052246, "validation_progress": 0, "_wandb": {"runtime": 30}}