{"model_loading": "t5-small", "_timestamp": 1716038121.272938, "_runtime": 5.162286043167114, "_step": 1, "data_reading": true}