{"model_loading": "t5-small", "_timestamp": 1716042170.600821, "_runtime": 28.781291007995605, "_step": 3, "data_reading": true, "epoch": 0, "step": 0, "loss": 11.036811828613281, "validation_progress": 0, "_wandb": {"runtime": 28}}