{"model_loading": "t5-small", "_timestamp": 1716049246.148819, "_runtime": 16.019788026809692, "_step": 2, "data_reading": true, "epoch": 0, "step": 0, "loss": 11.473812103271484}