{"model_loading": "t5-small", "_timestamp": 1716042363.729174, "_runtime": 67.39355278015137, "_step": 3, "data_reading": true, "epoch": 0, "step": 0, "loss": 11.125481605529785, "validation_progress": 0}