{"model_loading": "t5-small", "_timestamp": 1716038535.792459, "_runtime": 13.668548107147217, "_step": 2, "data_reading": true, "epoch": 0, "step": 0, "loss": 10.962957382202148}