{"model_loading": "t5-small", "_timestamp": 1716042282.0107698, "_runtime": 28.70597791671753, "_step": 3, "data_reading": true, "epoch": 0, "step": 0, "loss": 11.245487213134766, "validation_progress": 0, "_wandb": {"runtime": 28}}