{"model_loading": "t5-small", "_timestamp": 1716041996.4694889, "_runtime": 29.617111921310425, "_step": 3, "data_reading": true, "epoch": 0, "step": 0, "loss": 11.01618766784668, "validation_progress": 0, "_wandb": {"runtime": 28}}